-- phpMyAdmin SQL Dump
-- version 4.8.5
-- https://www.phpmyadmin.net/
--
-- Host: 127.0.0.1
-- Generation Time: Dec 16, 2019 at 01:58 AM
-- Server version: 10.1.38-MariaDB
-- PHP Version: 7.3.4

SET SQL_MODE = "NO_AUTO_VALUE_ON_ZERO";
SET AUTOCOMMIT = 0;
START TRANSACTION;
SET time_zone = "+00:00";


/*!40101 SET @OLD_CHARACTER_SET_CLIENT=@@CHARACTER_SET_CLIENT */;
/*!40101 SET @OLD_CHARACTER_SET_RESULTS=@@CHARACTER_SET_RESULTS */;
/*!40101 SET @OLD_COLLATION_CONNECTION=@@COLLATION_CONNECTION */;
/*!40101 SET NAMES utf8mb4 */;

--
-- Database: `recipedb`
--

-- --------------------------------------------------------

--
-- Table structure for table `ingredient`
--

CREATE TABLE IF NOT EXISTS `ingredient` (
  `Rname` varchar(100) NOT NULL,
  `Iname` varchar(25) NOT NULL,
  `Amount` double UNSIGNED DEFAULT NULL,
  `Unit` varchar(25) NOT NULL DEFAULT 'Ounces',
  PRIMARY KEY (`Rname`,`Iname`)
) ENGINE=InnoDB DEFAULT CHARSET=utf8;

--
-- RELATIONSHIPS FOR TABLE `ingredient`:
--

--
-- Dumping data for table `ingredient`
--

INSERT INTO `ingredient` (`Rname`, `Iname`, `Amount`, `Unit`) VALUES
('Bacon Wrapped Chicken', 'Bacon', 12, 'Units/Packages'),
('Bacon Wrapped Chicken', 'Butter', 2, 'Tablespoons'),
('Bacon Wrapped Chicken', 'Chicken', 3, 'Pounds'),
('Bacon Wrapped Chicken', 'Cream cheese(chive&onion)', 16, 'Ounces'),
('Banana Peanut Butter Bread', 'Baking powder', 2, 'Teaspoons'),
('Banana Peanut Butter Bread', 'Baking soda', 0.5, 'Teaspoons'),
('Banana Peanut Butter Bread', 'Banana', 2, 'Units/Packages'),
('Banana Peanut Butter Bread', 'Brown sugar', 0.75, 'Cups'),
('Banana Peanut Butter Bread', 'Egg white', 2, 'Units/Packages'),
('Banana Peanut Butter Bread', 'Flour', 1.75, 'Cups'),
('Banana Peanut Butter Bread', 'Oats', 1, 'Cups'),
('Banana Peanut Butter Bread', 'Peanut butter (crunchy)', 0.5, 'Cups'),
('Banana Peanut Butter Bread', 'Salt', 0.5, 'Teaspoons'),
('Beef and Broccoli Stir-Fry', 'Beef (flank steak)', 1, 'Pounds'),
('Beef and Broccoli Stir-Fry', 'Broccoli', 3, 'Cups'),
('Beef and Broccoli Stir-Fry', 'Brown sugar', 2, 'Tablespoons'),
('Beef and Broccoli Stir-Fry', 'Chicken stock', 0.5, 'Cups'),
('Beef and Broccoli Stir-Fry', 'Cornstarch', 1, 'Tablespoons'),
('Beef and Broccoli Stir-Fry', 'Ginger', 1, 'Teaspoons'),
('Beef and Broccoli Stir-Fry', 'Honey', 0.25, 'Cups'),
('Beef and Broccoli Stir-Fry', 'Minced garlic', 4, 'Teaspoons'),
('Beef and Broccoli Stir-Fry', 'Olive oil', 1, 'Tablespoons'),
('Beef and Broccoli Stir-Fry', 'Red Pepper Flakes', 0.25, 'Teaspoons'),
('Beef and Broccoli Stir-Fry', 'Rice wine vinegar', 2, 'Tablespoons'),
('Beef and Broccoli Stir-Fry', 'Sesame oil', 1, 'Tablespoons'),
('Beef and Broccoli Stir-Fry', 'Soy sauce', 0.666, 'Cups'),
('Beef Chimichangas', 'Canola/Peanut oil', 1, 'Units/Packages'),
('Beef Chimichangas', 'Cheese (Monterey Jack)', 1, 'Cups'),
('Beef Chimichangas', 'Green pepper', 1, 'Units/Packages'),
('Beef Chimichangas', 'Ground Beef', 1, 'Pounds'),
('Beef Chimichangas', 'Minced garlic', 1.5, 'Teaspoons'),
('Beef Chimichangas', 'Onion', 1, 'Units/Packages'),
('Beef Chimichangas', 'Refried beans', 1, 'Cups'),
('Beef Chimichangas', 'Salsa', 0.5, 'Cups'),
('Beef Chimichangas', 'Salt', 0.5, 'Teaspoons'),
('Beef Chimichangas', 'Sour Cream (optional)', 1, 'Units/Packages'),
('Beef Chimichangas', 'Tortillas (10 in)', 4, 'Units/Packages'),
('Beef Stroganoff', 'Butter', 2, 'Tablespoons'),
('Beef Stroganoff', 'Cream Cheese', 4, 'Ounces'),
('Beef Stroganoff', 'Milk', 0.667, 'Cups'),
('Beef Stroganoff', 'Mustard (Dry)', 0.25, 'Teaspoons'),
('Beef Stroganoff', 'Noodles', 1, 'Units/Packages'),
('Beef Stroganoff', 'Pepper', 0.25, 'Teaspoons'),
('Beef Stroganoff', 'Salt', 0.5, 'Teaspoons'),
('Beef Stroganoff', 'Sliced Mushroom', 3, 'Ounces'),
('Beef Stroganoff', 'Steak', 1, 'Pounds'),
('Beef Stroganoff (Tim)', 'Cream of Mushroom', 2, 'Cans'),
('Beef Stroganoff (Tim)', 'Egg Noodles', 2, 'Units/Packages'),
('Beef Stroganoff (Tim)', 'Ground Beef', 2, 'Pounds'),
('Beef Stroganoff (Tim)', 'Tomato Soup', 2, 'Cans'),
('Beer Cheese Dip', 'Beer', 0.5, 'Cups'),
('Beer Cheese Dip', 'Butter', 2, 'Tablespoons'),
('Beer Cheese Dip', 'Cayenne pepper', 0.125, 'Teaspoons'),
('Beer Cheese Dip', 'Cheddar', 3, 'Cups'),
('Beer Cheese Dip', 'Dijon mustard', 1, 'Teaspoons'),
('Beer Cheese Dip', 'Flour', 3, 'Tablespoons'),
('Beer Cheese Dip', 'Garlic powder', 0.25, 'Teaspoons'),
('Beer Cheese Dip', 'Milk', 0.75, 'Cups'),
('Beer Cheese Dip', 'Salt', 0.25, 'Teaspoons'),
('Biscuit and Gravy Casserole', 'Biscuit dough', 16, 'Ounces'),
('Biscuit and Gravy Casserole', 'Butter', 3, 'Tablespoons'),
('Biscuit and Gravy Casserole', 'Flour', 0.25, 'Cups'),
('Biscuit and Gravy Casserole', 'Milk', 2.5, 'Cups'),
('Biscuit and Gravy Casserole', 'Pepper', 0.5, 'Teaspoons'),
('Biscuit and Gravy Casserole', 'Pork sausage (mild)', 1, 'Pounds'),
('Biscuit and Gravy Casserole', 'Salt', 0.5, 'Teaspoons'),
('Biscuits and Chocolate Gravy', 'Cocoa powder', 0.333, 'Cups'),
('Biscuits and Chocolate Gravy', 'Flour', 3, 'Tablespoons'),
('Biscuits and Chocolate Gravy', 'Milk', 1.5, 'Cups'),
('Biscuits and Chocolate Gravy', 'Salt', 0.1, 'Teaspoons'),
('Biscuits and Chocolate Gravy', 'Sugar', 0.666, 'Cups'),
('Biscuits and Chocolate Gravy', 'Vanilla extract', 1, 'Teaspoons'),
('Broccoli Cheese Soup', 'Broccoli', 32, 'Ounces'),
('Broccoli Cheese Soup', 'Butter', 1, 'Units/Packages'),
('Broccoli Cheese Soup', 'Celery stalks', 3, 'Units/Packages'),
('Broccoli Cheese Soup', 'Cheese (Velveeta)', 1, 'Pounds'),
('Broccoli Cheese Soup', 'Chicken bouillon cubes', 2, 'Units/Packages'),
('Broccoli Cheese Soup', 'Cream of chicken soup', 2, 'Cans'),
('Broccoli Cheese Soup', 'Cream of mushroom soup', 2, 'Cans'),
('Broccoli Cheese Soup', 'Milk', 5, 'Cups'),
('Broccoli Cheese Soup', 'Onion (large)', 1, 'Units/Packages'),
('Buck-Eyes', 'Butter', 0.5, 'Cups'),
('Buck-Eyes', 'Chocolate chips', 12, 'Ounces'),
('Buck-Eyes', 'Peanut butter', 1.5, 'Cups'),
('Buck-Eyes', 'Powdered sugar', 1, 'Pounds'),
('Buck-Eyes', 'Shortening (Crisco)', 2, 'Tablespoons'),
('Chicken Alfredo Tortellini Soup', 'Butter', 2, 'Tablespoons'),
('Chicken Alfredo Tortellini Soup', 'Carrots (baby)', 4, 'Ounces'),
('Chicken Alfredo Tortellini Soup', 'Cheese (parmesan)', 2, 'Cups'),
('Chicken Alfredo Tortellini Soup', 'Chicken', 1, 'Pounds'),
('Chicken Alfredo Tortellini Soup', 'Flour', 0.25, 'Cups'),
('Chicken Alfredo Tortellini Soup', 'Garlic (minced)', 3, 'Teaspoons'),
('Chicken Alfredo Tortellini Soup', 'Half-and-Half', 1, 'Cups'),
('Chicken Alfredo Tortellini Soup', 'Onion (yellow,medium)', 0.5, 'Units/Packages'),
('Chicken Alfredo Tortellini Soup', 'Pepper', 0.5, 'Teaspoons'),
('Chicken Alfredo Tortellini Soup', 'Red Pepper Flakes', 1, 'Teaspoons'),
('Chicken Alfredo Tortellini Soup', 'Salt', 1, 'Teaspoons'),
('Chicken Alfredo Tortellini Soup', 'Spinach (baby)', 2, 'Ounces'),
('Chicken Alfredo Tortellini Soup', 'Stock (Chicken)', 4, 'Cups'),
('Chicken Alfredo Tortellini Soup', 'Tortellini (Cheese)', 16, 'Ounces'),
('Chicken and Broccoli Shells and Cheese', 'Broccoli', 3, 'Cups'),
('Chicken and Broccoli Shells and Cheese', 'Cheese (cheddar)', 1, 'Cups'),
('Chicken and Broccoli Shells and Cheese', 'Chicken', 1, 'Pounds'),
('Chicken and Broccoli Shells and Cheese', 'Chicken broth', 1, 'Cups'),
('Chicken and Broccoli Shells and Cheese', 'Chili powder', 0.25, 'Teaspoons'),
('Chicken and Broccoli Shells and Cheese', 'Flour', 0.25, 'Cups'),
('Chicken and Broccoli Shells and Cheese', 'Garlic (minced)', 3, 'Teaspoons'),
('Chicken and Broccoli Shells and Cheese', 'Milk', 1, 'Cups'),
('Chicken and Broccoli Shells and Cheese', 'Olive oil', 3, 'Tablespoons'),
('Chicken and Broccoli Shells and Cheese', 'Pasta (shells)', 8, 'Ounces'),
('Chicken Enchilada Casserole', 'Bacon', 0.5, 'Pounds'),
('Chicken Enchilada Casserole', 'Cheese', 2.5, 'Cups'),
('Chicken Enchilada Casserole', 'Chicken', 1, 'Pounds'),
('Chicken Enchilada Casserole', 'Cream of chicken soup', 3, 'Cans'),
('Chicken Enchilada Casserole', 'Cream of mushroom soup', 1, 'Cans'),
('Chicken Enchilada Casserole', 'Dorito', 2, 'Units/Packages'),
('Chicken Enchilada Casserole', 'Green chile', 2, 'Cans'),
('Chicken Enchilada Casserole', 'Onion', 1, 'Units/Packages'),
('Chicken Parmesan', 'Cheese (mozzarella)', 1, 'Cups'),
('Chicken Parmesan', 'Cheese (parmesan)', 0.25, 'Cups'),
('Chicken Parmesan', 'Chicken', 4, 'Units/Packages'),
('Chicken Parmesan', 'Cornflake crumbs', 1, 'Cups'),
('Chicken Parmesan', 'Egg', 1, 'Units/Packages'),
('Chicken Parmesan', 'Flour', 0.25, 'Cups'),
('Chicken Parmesan', 'Marinara sauce', 26, 'Ounces'),
('Chicken Parmesan', 'Pasta', 12, 'Ounces'),
('Chicken Parmesan', 'Water', 1, 'Tablespoons'),
('Chicken Pot Pie', '9\'\' Frozen Pie Crust', 4, 'Units/Packages'),
('Chicken Pot Pie', 'Chicken', 4, 'Cups'),
('Chicken Pot Pie', 'Cream of Potato Soup', 4, 'Cans'),
('Chicken Pot Pie', 'Heavy Whipping Cream', 1, 'Cups'),
('Chicken Pot Pie', 'Pepper', 1, 'Tablespoons'),
('Chicken Pot Pie', 'Veg-All', 2, 'Cans'),
('Chicken Teriyaki', 'Broccoli', 1, 'Units/Packages'),
('Chicken Teriyaki', 'Chicken', 1, 'Pounds'),
('Chicken Teriyaki', 'Corn Starch', 2, 'Teaspoons'),
('Chicken Teriyaki', 'Garlic (minced)', 2, 'Teaspoons'),
('Chicken Teriyaki', 'Ginger', 2, 'Teaspoons'),
('Chicken Teriyaki', 'Honey', 1.5, 'Tablespoons'),
('Chicken Teriyaki', 'Rice', 4, 'Units/Packages'),
('Chicken Teriyaki', 'Rice Wine Vinegar', 0.25, 'Cups'),
('Chicken Teriyaki', 'Sesame oil', 1, 'Teaspoons'),
('Chicken Teriyaki', 'Soy Sauce', 0.333, 'Cups'),
('Chicken Teriyaki', 'Vegetable Oil', 1, 'Tablespoons'),
('Chicken/Turkey Pot Pie Casserole', 'Baking powder', 2, 'Teaspoons'),
('Chicken/Turkey Pot Pie Casserole', 'Beans (Green)', 1, 'Cups'),
('Chicken/Turkey Pot Pie Casserole', 'Broth (Chicken)', 3, 'Cups'),
('Chicken/Turkey Pot Pie Casserole', 'Butter', 0.5, 'Cups'),
('Chicken/Turkey Pot Pie Casserole', 'Carrot', 2, 'Cups'),
('Chicken/Turkey Pot Pie Casserole', 'Chicken', 1.5, 'Pounds'),
('Chicken/Turkey Pot Pie Casserole', 'Dill (dried)', 0.5, 'Tablespoons'),
('Chicken/Turkey Pot Pie Casserole', 'Flour', 2.333, 'Cups'),
('Chicken/Turkey Pot Pie Casserole', 'Milk', 0.75, 'Cups'),
('Chicken/Turkey Pot Pie Casserole', 'Onion', 0.75, 'Cups'),
('Chicken/Turkey Pot Pie Casserole', 'Peas', 1, 'Cups'),
('Chicken/Turkey Pot Pie Casserole', 'Salt', 0.5, 'Teaspoons'),
('Chicken/Turkey Pot Pie Casserole', 'Water', 0.5, 'Cups'),
('Chili 2, Pepper Boogaloo (Instant Pot)', 'Beans (Kidney)', 30, 'Ounces'),
('Chili 2, Pepper Boogaloo (Instant Pot)', 'Beef (ground)', 1.5, 'Pounds'),
('Chili 2, Pepper Boogaloo (Instant Pot)', 'Broth (beef)', 0.75, 'Cups'),
('Chili 2, Pepper Boogaloo (Instant Pot)', 'Cheese of your choosing', 1, 'Units/Packages'),
('Chili 2, Pepper Boogaloo (Instant Pot)', 'Chili Powder', 1.5, 'Tablespoons'),
('Chili 2, Pepper Boogaloo (Instant Pot)', 'Coriander', 1, 'Teaspoons'),
('Chili 2, Pepper Boogaloo (Instant Pot)', 'Cumin (ground)', 2, 'Teaspoons'),
('Chili 2, Pepper Boogaloo (Instant Pot)', 'Garlic (minced)', 1, 'Tablespoons'),
('Chili 2, Pepper Boogaloo (Instant Pot)', 'Olive Oil', 2, 'Tablespoons'),
('Chili 2, Pepper Boogaloo (Instant Pot)', 'Onion (medium)', 1, 'Units/Packages'),
('Chili 2, Pepper Boogaloo (Instant Pot)', 'Oyster Crackers', 1, 'Units/Packages'),
('Chili 2, Pepper Boogaloo (Instant Pot)', 'Paprika', 2, 'Teaspoons'),
('Chili 2, Pepper Boogaloo (Instant Pot)', 'Pepper (M, green or red)', 1, 'Units/Packages'),
('Chili 2, Pepper Boogaloo (Instant Pot)', 'Sugar', 1, 'Teaspoons'),
('Chili 2, Pepper Boogaloo (Instant Pot)', 'Tomato Sauce', 15, 'Ounces'),
('Chili 2, Pepper Boogaloo (Instant Pot)', 'Tomatoes (diced)', 28, 'Ounces'),
('Chocolate Pie with Whipped Cream', 'Choc. chips (semi-sweet)', 1.5, 'Cups'),
('Chocolate Pie with Whipped Cream', 'Chocolate shavings', 1, 'Units/Packages'),
('Chocolate Pie with Whipped Cream', 'Heavy whipping cream', 3, 'Cups'),
('Chocolate Pie with Whipped Cream', 'Pie crust (10 in)', 1, 'Units/Packages'),
('Chocolate Pie with Whipped Cream', 'Powdered sugar', 0.25, 'Cups'),
('Chocolate Pie with Whipped Cream', 'Vanilla extract', 0.5, 'Teaspoons'),
('Chocolate-Stuffed French Toast', 'Chocolate chips', 1, 'Cups'),
('Chocolate-Stuffed French Toast', 'Cinnamon', 0.25, 'Teaspoons'),
('Chocolate-Stuffed French Toast', 'Egg', 5, 'Units/Packages'),
('Chocolate-Stuffed French Toast', 'French bread (1 lb loaf)', 1, 'Units/Packages'),
('Chocolate-Stuffed French Toast', 'Milk', 1.25, 'Cups'),
('Chocolate-Stuffed French Toast', 'Vanilla extract', 0.25, 'Teaspoons'),
('Corn Delight', 'Butter', 0.5, 'Cups'),
('Corn Delight', 'Corn', 1, 'Cans'),
('Corn Delight', 'Creamed Corn', 1, 'Cans'),
('Corn Delight', 'Onion', 2, 'Tablespoons'),
('Corn Delight', 'Salt and pepper', 0.25, 'Teaspoons'),
('Corn Delight', 'Spaghetti', 1, 'Cups'),
('Corn Delight', 'Velveeta cheese', 2, 'Cups'),
('Creamed Corn', 'Butter (Unsalted)', 4, 'Tablespoons'),
('Creamed Corn', 'Corn (Frozen)', 2, 'Pounds'),
('Creamed Corn', 'Cream Cheese', 8, 'Ounces'),
('Creamed Corn', 'Heavy Whipping Cream', 0.5, 'Cups'),
('Creamed Corn', 'Milk (Whole)', 1, 'Cups'),
('Creamed Corn', 'Pepper (to taste)', 1, 'Units/Packages'),
('Creamed Corn', 'Salt', 1, 'Teaspoons'),
('Creamed Corn', 'Sugar', 3, 'Tablespoons'),
('Crock-Pot Lasagna', 'Baby spinach (chopped)', 2, 'Cups'),
('Crock-Pot Lasagna', 'Cheese (mozzarella)', 8, 'Ounces'),
('Crock-Pot Lasagna', 'Cheese (parmesan)', 0.25, 'Cups'),
('Crock-Pot Lasagna', 'Cheese (ricotta)', 15, 'Ounces'),
('Crock-Pot Lasagna', 'Garlic (minced)', 3, 'Teaspoons'),
('Crock-Pot Lasagna', 'Marinara sauce', 26, 'Ounces'),
('Crock-Pot Lasagna', 'Oregano', 0.5, 'Teaspoons'),
('Crock-Pot Lasagna', 'Pasta (lasagna, 9 noodle)', 1, 'Pounds'),
('Crock-Pot Lasagna', 'Pepper', 0.5, 'Teaspoons'),
('Crock-Pot Lasagna', 'Salt', 0.75, 'Teaspoons'),
('Crock-Pot Lasagna', 'Sausage (Italian)', 1, 'Pounds'),
('Crockpot BBQ Chicken', 'Barbecue sauce', 1, 'Cups'),
('Crockpot BBQ Chicken', 'Brown sugar', 0.25, 'Cups'),
('Crockpot BBQ Chicken', 'Chicken', 2, 'Pounds'),
('Crockpot BBQ Chicken', 'Italian dressing', 0.25, 'Cups'),
('Crockpot BBQ Chicken', 'Worcestershire sauce', 1, 'Tablespoons'),
('Croquettes', 'Beef (Ground)', 1, 'Pounds'),
('Croquettes', 'Carrot', 0.5, 'Units/Packages'),
('Croquettes', 'Egg (Large)', 4, 'Units/Packages'),
('Croquettes', 'Flour', 0.5, 'Cups'),
('Croquettes', 'Oil (for frying)', 1, 'Units/Packages'),
('Croquettes', 'Oil (Vegetable/Canola)', 2, 'Tablespoons'),
('Croquettes', 'Onion (Medium)', 1, 'Units/Packages'),
('Croquettes', 'Panko Breadcrumbs', 2, 'Cups'),
('Croquettes', 'Potatoes (Russet)', 2, 'Pounds'),
('Croquettes', 'Salt', 1, 'Teaspoons'),
('Croquettes', 'White Pepper Powder', 0.25, 'Teaspoons'),
('Curry (Instant Pot)', 'Beef (Stew Meat)', 1.5, 'Pounds'),
('Curry (Instant Pot)', 'Broth (Beef)', 3, 'Cups'),
('Curry (Instant Pot)', 'Carrot', 1.5, 'Units/Packages'),
('Curry (Instant Pot)', 'Curry Roux', 8, 'Ounces'),
('Curry (Instant Pot)', 'Garlic (minced)', 3, 'Teaspoons'),
('Curry (Instant Pot)', 'Ginger', 1, 'Teaspoons'),
('Curry (Instant Pot)', 'Ketchup', 1, 'Tablespoons'),
('Curry (Instant Pot)', 'Oil (Vegetable)', 1, 'Tablespoons'),
('Curry (Instant Pot)', 'Onion (medium)', 3, 'Units/Packages'),
('Curry (Instant Pot)', 'Potatoes (Yukon Gold,med)', 5, 'Units/Packages'),
('Curry (Instant Pot)', 'Rice', 4, 'Cups'),
('Curry (Instant Pot)', 'Soy Sauce', 1, 'Tablespoons'),
('Famous Hotel Chocolate Chip Cookies', 'Baking soda', 1.5, 'Teaspoons'),
('Famous Hotel Chocolate Chip Cookies', 'Brown sugar', 0.75, 'Cups'),
('Famous Hotel Chocolate Chip Cookies', 'Butter', 1, 'Cups'),
('Famous Hotel Chocolate Chip Cookies', 'Chocolate chips', 3, 'Cups'),
('Famous Hotel Chocolate Chip Cookies', 'Cinnamon', 0.25, 'Teaspoons'),
('Famous Hotel Chocolate Chip Cookies', 'Egg', 2, 'Units/Packages'),
('Famous Hotel Chocolate Chip Cookies', 'Flour', 2.25, 'Cups'),
('Famous Hotel Chocolate Chip Cookies', 'Oats', 0.5, 'Cups'),
('Famous Hotel Chocolate Chip Cookies', 'Salt', 1, 'Teaspoons'),
('Famous Hotel Chocolate Chip Cookies', 'Sugar', 0.75, 'Cups'),
('Famous Hotel Chocolate Chip Cookies', 'Vanilla extract', 1.5, 'Teaspoons'),
('Famous Hotel Chocolate Chip Cookies', 'Walnuts (chopped)', 1.5, 'Cups'),
('Gooey Butter Cake', 'Butter', 2, 'Units/Packages'),
('Gooey Butter Cake', 'Chocolate toffee (Heath)', 1, 'Units/Packages'),
('Gooey Butter Cake', 'Cream cheese', 8, 'Ounces'),
('Gooey Butter Cake', 'Egg', 3, 'Units/Packages'),
('Gooey Butter Cake', 'Powdered sugar', 3.5, 'Cups'),
('Gooey Butter Cake', 'Vanilla extract', 1, 'Teaspoons'),
('Gooey Butter Cake', 'Yellow cake mix', 1, 'Units/Packages'),
('Green Bean Casserole', 'Cream of mushroom soup', 1, 'Cans'),
('Green Bean Casserole', 'French fried onions', 1, 'Cans'),
('Green Bean Casserole', 'Green bean', 2, 'Cans'),
('Green Bean Casserole', 'Water chestnuts', 1, 'Cans'),
('Honey Garlic Chicken Stir Fry', 'Broccoli', 2, 'Cups'),
('Honey Garlic Chicken Stir Fry', 'Broth (chicken)', 0.25, 'Cups'),
('Honey Garlic Chicken Stir Fry', 'Carrots (peeled, sliced)', 1, 'Cups'),
('Honey Garlic Chicken Stir Fry', 'Chicken', 1, 'Pounds'),
('Honey Garlic Chicken Stir Fry', 'Corn Starch', 2, 'Teaspoons'),
('Honey Garlic Chicken Stir Fry', 'Garlic (minced)', 5, 'Teaspoons'),
('Honey Garlic Chicken Stir Fry', 'Honey', 3, 'Teaspoons'),
('Honey Garlic Chicken Stir Fry', 'Soy Sauce', 0.25, 'Cups'),
('Honey Garlic Chicken Stir Fry', 'Vegetable Oil', 1.333, 'Tablespoons'),
('Ice Cream Delight', 'Butter', 1, 'Cups'),
('Ice Cream Delight', 'Choc. chips (semi-sweet)', 0.666, 'Cups'),
('Ice Cream Delight', 'Chocolate ice cream', 0.5, 'Gallons'),
('Ice Cream Delight', 'Cool whip', 8, 'Ounces'),
('Ice Cream Delight', 'Evaporated milk', 12, 'Fluid Ounces'),
('Ice Cream Delight', 'Oreo', 2.5, 'Cups'),
('Ice Cream Delight', 'Peanuts', 1.5, 'Cups'),
('Ice Cream Delight', 'Powdered sugar', 2, 'Cups'),
('Ice Cream Delight', 'Sugar', 0.5, 'Cups'),
('Ice Cream Delight', 'Vanilla extract', 1, 'Teaspoons'),
('Kentucky Bourbon Pie', 'Bourbon', 1.333, 'Fluid Ounces'),
('Kentucky Bourbon Pie', 'Butter', 2, 'Ounces'),
('Kentucky Bourbon Pie', 'Chocolate chips', 0.5, 'Cups'),
('Kentucky Bourbon Pie', 'Corn syrup', 1.5, 'Cups'),
('Kentucky Bourbon Pie', 'Egg', 6, 'Units/Packages'),
('Kentucky Bourbon Pie', 'Pecans (chopped)', 0.5, 'Cups'),
('Kentucky Bourbon Pie', 'Pie crust', 1, 'Units/Packages'),
('Kentucky Bourbon Pie', 'Salt', 0.25, 'Teaspoons'),
('Kentucky Bourbon Pie', 'Sugar', 2, 'Cups'),
('Kentucky Bourbon Pie', 'Vanilla', 2, 'Teaspoons'),
('Kyle\'s Chocolate Chip Brownie Cake', 'Chocolate Chip', 12, 'Ounces'),
('Kyle\'s Chocolate Chip Brownie Cake', 'Cream Cheese', 16, 'Ounces'),
('Kyle\'s Chocolate Chip Brownie Cake', 'Crescent Roll', 2, 'Ounces'),
('Kyle\'s Chocolate Chip Brownie Cake', 'Egg', 2, 'Ounces'),
('Kyle\'s Chocolate Chip Brownie Cake', 'Milk', 4, 'Ounces'),
('Kyle\'s Chocolate Chip Brownie Cake', 'Sugar', 8, 'Ounces'),
('Kyle\'s Chocolate Chip Brownie Cake', 'Vanilla', 0.167, 'Ounces'),
('Layered Ground Beef Casserole', 'Celery', 1, 'Cups'),
('Layered Ground Beef Casserole', 'Cream of celery soup', 1, 'Cans'),
('Layered Ground Beef Casserole', 'Green pepper', 1, 'Units/Packages'),
('Layered Ground Beef Casserole', 'Ground beef', 1.5, 'Pounds'),
('Layered Ground Beef Casserole', 'Onion', 1, 'Units/Packages'),
('Layered Ground Beef Casserole', 'Potato', 2, 'Units/Packages'),
('Layered Ground Beef Casserole', 'Tomato sauce', 8, 'Ounces'),
('Mac and Cheese (Instant Pot)', 'Butter', 2, 'Tablespoons'),
('Mac and Cheese (Instant Pot)', 'Cheese (cheddar)', 2, 'Cups'),
('Mac and Cheese (Instant Pot)', 'Cheese (mozzarella)', 1, 'Cups'),
('Mac and Cheese (Instant Pot)', 'Cheese (parmesan)', 0.5, 'Cups'),
('Mac and Cheese (Instant Pot)', 'Chicken stock', 4, 'Cups'),
('Mac and Cheese (Instant Pot)', 'Elbow Macaroni', 16, 'Ounces'),
('Mac and Cheese (Instant Pot)', 'Garlic Powder', 1, 'Teaspoons'),
('Mac and Cheese (Instant Pot)', 'Milk', 0.5, 'Cups'),
('Mac and Cheese (Instant Pot)', 'Pepper', 0.5, 'Teaspoons'),
('Mac and Cheese (Instant Pot)', 'Salt', 0.5, 'Teaspoons'),
('Mareinge Cookies', 'Chocolate chips', 6, 'Ounces'),
('Mareinge Cookies', 'Cream of tartar', 0.125, 'Teaspoons'),
('Mareinge Cookies', 'Egg white', 2, 'Units/Packages'),
('Mareinge Cookies', 'Salt', 0.125, 'Teaspoons'),
('Mareinge Cookies', 'Sugar', 0.75, 'Cups'),
('Mareinge Cookies', 'Vanilla extract', 1, 'Teaspoons'),
('Mashed Potatoes (Instant Pot)', 'Butter', 1, 'Cups'),
('Mashed Potatoes (Instant Pot)', 'Half-and-Half', 1.5, 'Cups'),
('Mashed Potatoes (Instant Pot)', 'Russet Potatoes (medium)', 5, 'Pounds'),
('Mashed Potatoes (Instant Pot)', 'Sour Cream', 1, 'Cups'),
('Meatballs (IKEA)', 'Allspice', 0.25, 'Teaspoons'),
('Meatballs (IKEA)', 'Bread (White)', 1, 'Units/Packages'),
('Meatballs (IKEA)', 'Broth (Beef)', 1.5, 'Cups'),
('Meatballs (IKEA)', 'Butter', 3, 'Tablespoons'),
('Meatballs (IKEA)', 'Cream (Heavy)', 2, 'Tablespoons'),
('Meatballs (IKEA)', 'Egg (beaten)', 1, 'Units/Packages'),
('Meatballs (IKEA)', 'Flour', 2, 'Tablespoons'),
('Meatballs (IKEA)', 'Garlic (minced)', 2.5, 'Teaspoons'),
('Meatballs (IKEA)', 'Milk', 0.25, 'Cups'),
('Meatballs (IKEA)', 'Nutmeg', 0.25, 'Teaspoons'),
('Meatballs (IKEA)', 'Onion', 0.5, 'Cups'),
('Meatballs (IKEA)', 'Pepper', 0.5, 'Teaspoons'),
('Meatballs (IKEA)', 'Pork (Ground)', 1, 'Pounds'),
('Meatballs (IKEA)', 'Salt', 1, 'Teaspoons'),
('Meatloaf (Tasty)', 'Beef (Ground)', 2, 'Pounds'),
('Meatloaf (Tasty)', 'Egg', 2, 'Units/Packages'),
('Meatloaf (Tasty)', 'Ketchup', 0.333, 'Cups'),
('Meatloaf (Tasty)', 'Milk', 0.5, 'Cups'),
('Meatloaf (Tasty)', 'Oatmeal', 1, 'Cups'),
('Meatloaf (Tasty)', 'Onion (TM)', 1, 'Units/Packages'),
('Peanut Chicken Stir-Fry', 'Broccoli', 3, 'Cups'),
('Peanut Chicken Stir-Fry', 'Brown sugar', 2, 'Tablespoons'),
('Peanut Chicken Stir-Fry', 'Chicken', 1, 'Pounds'),
('Peanut Chicken Stir-Fry', 'Corn starch', 2, 'Tablespoons'),
('Peanut Chicken Stir-Fry', 'Garlic (minced)', 6, 'Teaspoons'),
('Peanut Chicken Stir-Fry', 'Pasta (or rice)', 4, 'Units/Packages'),
('Peanut Chicken Stir-Fry', 'Peanut butter', 0.5, 'Cups'),
('Peanut Chicken Stir-Fry', 'Soy sauce', 6, 'Tablespoons'),
('Peanut Chicken Stir-Fry', 'Vegetable oil', 2, 'Tablespoons'),
('Pulled Pork (Instant Pot)', 'Apple Cider Vinegar', 0.5, 'Cups'),
('Pulled Pork (Instant Pot)', 'Barbecue Sauce', 1, 'Cups'),
('Pulled Pork (Instant Pot)', 'Brown Sugar', 3, 'Tablespoons'),
('Pulled Pork (Instant Pot)', 'Cole Slaw sucks anus', 3, 'Cans'),
('Pulled Pork (Instant Pot)', 'Ground Cumin', 0.5, 'Teaspoons'),
('Pulled Pork (Instant Pot)', 'Mustard Powder', 1, 'Teaspoons'),
('Pulled Pork (Instant Pot)', 'Paprika', 2, 'Teaspoons'),
('Pulled Pork (Instant Pot)', 'Pepper', 0.5, 'Teaspoons'),
('Pulled Pork (Instant Pot)', 'Pork Shoulder', 4, 'Pounds'),
('Pulled Pork (Instant Pot)', 'Salt', 2, 'Teaspoons'),
('Pulled Pork (Instant Pot)', 'Tomato Paste', 3, 'Tablespoons'),
('Pulled Pork (Instant Pot)', 'Vegetable Oil', 2, 'Teaspoons'),
('Rice', 'Butter', 2, 'Tablespoons'),
('Rice', 'Rice', 2, 'Cups'),
('Rice', 'Salt', 0.5, 'Teaspoons'),
('Rice', 'Water', 4, 'Cups'),
('Scrambled Egg and Asparagus Toast', 'Asparagus', 16, 'Ounces'),
('Scrambled Egg and Asparagus Toast', 'Bread', 4, 'Ounces'),
('Scrambled Egg and Asparagus Toast', 'Butter', 0.5, 'Ounces'),
('Scrambled Egg and Asparagus Toast', 'Chives', 0.5, 'Ounces'),
('Scrambled Egg and Asparagus Toast', 'Egg', 8, 'Ounces'),
('Scrambled Egg and Asparagus Toast', 'Milk', 2.029, 'Ounces'),
('Scrambled Egg and Asparagus Toast', 'Olive oil', 0.25, 'Ounces'),
('Scrambled Egg and Asparagus Toast', 'Parmesan', 2.5, 'Ounces'),
('Scrambled Egg and Asparagus Toast', 'Pepper', 0.083, 'Ounces'),
('Scrambled Egg and Asparagus Toast', 'Salt', 0.083, 'Ounces'),
('Sloppy Joes', 'Beef bouillon', 2, 'Units/Packages'),
('Sloppy Joes', 'Green pepper', 0.5, 'Cups'),
('Sloppy Joes', 'Ground beef', 1, 'Pounds'),
('Sloppy Joes', 'Hamburger buns', 8, 'Units/Packages'),
('Sloppy Joes', 'Ketchup', 1, 'Cups'),
('Sloppy Joes', 'Mustard', 1, 'Teaspoons'),
('Sloppy Joes', 'Onion', 0.5, 'Cups'),
('Sloppy Joes', 'Sugar', 2, 'Teaspoons'),
('Sloppy Joes', 'Water', 0.25, 'Cups'),
('Strawberry Shortcake', 'Butter', 1.5, 'Ounces'),
('Strawberry Shortcake', 'Egg', 4, 'Ounces'),
('Strawberry Shortcake', 'Flour', 4.5, 'Ounces'),
('Strawberry Shortcake', 'Milk', 1, 'Ounces'),
('Strawberry Shortcake', 'Mint Leaf', 3, 'Ounces'),
('Strawberry Shortcake', 'Shortening', 1, 'Ounces'),
('Strawberry Shortcake', 'Strawberry', 16, 'Ounces'),
('Strawberry Shortcake', 'Sugar', 5.5, 'Ounces'),
('Strawberry Shortcake', 'Water', 1, 'Ounces'),
('Tater Tot Casserole', 'Cheese', 2, 'Cups'),
('Tater Tot Casserole', 'Cream of mushroom soup', 2, 'Cans'),
('Tater Tot Casserole', 'Ground beef', 2, 'Pounds'),
('Tater Tot Casserole', 'Onion', 0.5, 'Cups'),
('Tater Tot Casserole', 'Tater tot', 2, 'Pounds'),
('Tortellini Carbonara', 'Bacon', 10, 'Units/Packages'),
('Tortellini Carbonara', 'Cheese (parmesan)', 1, 'Cups'),
('Tortellini Carbonara', 'Heavy whipping cream', 2, 'Cups'),
('Tortellini Carbonara', 'Parsley (fresh, minced)', 0.5, 'Cups'),
('Tortellini Carbonara', 'Tortellini', 16, 'Ounces'),
('Tortellini Soup', 'Broth (chicken)', 6, 'Cups'),
('Tortellini Soup', 'Onion', 0.5, 'Cups'),
('Tortellini Soup', 'Oregano', 0.25, 'Teaspoons'),
('Tortellini Soup', 'Parsley', 2, 'Teaspoons'),
('Tortellini Soup', 'Pepper (green)', 0.5, 'Cups'),
('Tortellini Soup', 'Sausage (Italian, bulk)', 0.5, 'Pounds'),
('Tortellini Soup', 'Tomato Sauce', 8, 'Ounces'),
('Tortellini Soup', 'Tortellini', 0.75, 'Pounds'),
('Tortellini Soup', 'Water', 4, 'Cups'),
('Udon (Beef)', 'Beef (thinly sliced)', 1, 'Pounds'),
('Udon (Beef)', 'Dashi', 4, 'Cups'),
('Udon (Beef)', 'Japanese Seven Spice', 1, 'Units/Packages'),
('Udon (Beef)', 'Mirin', 2, 'Tablespoons'),
('Udon (Beef)', 'Onion (green)', 2, 'Units/Packages'),
('Udon (Beef)', 'Soy Sauce', 4, 'Tablespoons'),
('Udon (Beef)', 'Sugar', 1.5, 'Tablespoons'),
('Udon (Beef)', 'Udon', 4, 'Units/Packages'),
('Walnut Ham Linguine', 'Cheese (parmesan)', 0.333, 'Cups'),
('Walnut Ham Linguine', 'Garlic (minced)', 6, 'Teaspoons'),
('Walnut Ham Linguine', 'Ham', 0.5, 'Pounds'),
('Walnut Ham Linguine', 'Olive oil', 0.25, 'Cups'),
('Walnut Ham Linguine', 'Parsley', 0.25, 'Cups'),
('Walnut Ham Linguine', 'Pasta (linguine)', 16, 'Ounces'),
('Walnut Ham Linguine', 'Walnuts (coarse chopped)', 0.5, 'Cups'),
('White Chicken Chili', 'Cheese (monterey jack)', 12, 'Ounces'),
('White Chicken Chili', 'Chicken', 4, 'Cups'),
('White Chicken Chili', 'Chicken broth', 6, 'Cups'),
('White Chicken Chili', 'Cumin', 2, 'Teaspoons'),
('White Chicken Chili', 'Garlic (minced)', 4.5, 'Teaspoons'),
('White Chicken Chili', 'Green chiles', 8, 'Ounces'),
('White Chicken Chili', 'Olive oil', 1, 'Tablespoons'),
('White Chicken Chili', 'Onion', 2, 'Units/Packages'),
('White Chicken Chili', 'Oregano', 1.5, 'Teaspoons'),
('White Chicken Chili', 'Pepper', 0.25, 'Teaspoons'),
('White Chicken Chili', 'White beans', 48, 'Ounces'),
('White Sauce Pasta /w/ shrimp', 'Butter', 4, 'Tablespoons'),
('White Sauce Pasta /w/ shrimp', 'Cheese (Parmesan)', 0.25, 'Cups'),
('White Sauce Pasta /w/ shrimp', 'Garlic (Minced)', 2, 'Tablespoons'),
('White Sauce Pasta /w/ shrimp', 'Heavy Whipping Cream', 1, 'Cups'),
('White Sauce Pasta /w/ shrimp', 'Onion (small, red)', 1, 'Units/Packages'),
('White Sauce Pasta /w/ shrimp', 'Oregano', 0.5, 'Teaspoons'),
('White Sauce Pasta /w/ shrimp', 'Pasta (Fetuccine)', 1, 'Pounds'),
('White Sauce Pasta /w/ shrimp', 'Pepper', 0.5, 'Teaspoons'),
('White Sauce Pasta /w/ shrimp', 'Salt', 0.5, 'Teaspoons'),
('White Sauce Pasta /w/ shrimp', 'Shrimp', 0.5, 'Pounds');

-- --------------------------------------------------------

--
-- Table structure for table `instruction`
--

CREATE TABLE IF NOT EXISTS `instruction` (
  `Rname` varchar(100) NOT NULL,
  `Step_num` tinyint(3) UNSIGNED NOT NULL,
  `Step_instruction` varchar(500) DEFAULT NULL,
  PRIMARY KEY (`Rname`,`Step_num`)
) ENGINE=InnoDB DEFAULT CHARSET=utf8;

--
-- RELATIONSHIPS FOR TABLE `instruction`:
--

--
-- Dumping data for table `instruction`
--

INSERT INTO `instruction` (`Rname`, `Step_num`, `Step_instruction`) VALUES
('Bacon Wrapped Chicken', 1, 'Preheat oven to 400 degrees.'),
('Bacon Wrapped Chicken', 2, 'Cut chicken breasts into halves and flatten to 1/2 inch thickness.'),
('Bacon Wrapped Chicken', 3, 'Spread 3 tablespoons cream cheese over each. Dot with butter and sprinkle with salt.'),
('Bacon Wrapped Chicken', 4, 'Roll each up and wrap with bacon strip. Place seam side down in a greased baking pan.'),
('Bacon Wrapped Chicken', 5, 'Bake uncovered at 400 degrees for 35-40 minutes or until juices run clear.'),
('Bacon Wrapped Chicken', 6, 'Broil 6 inches from the heat for 5 minutes or until bacon is crisp.'),
('Banana Peanut Butter Bread', 1, 'Preheat oven to 350 degrees. Coat 9x5 inch loaf pan with nonstick cooking spray.'),
('Banana Peanut Butter Bread', 2, 'Combine banana, egg whites, brown sugar, and peanut butter in bowl. Beat until blended.'),
('Banana Peanut Butter Bread', 3, 'Combine flour, oats, baking powder, baking soda, and salt. Add dry ingredients to banana mixture. Mix just until moistened.'),
('Banana Peanut Butter Bread', 4, 'Turn batter into prepared pan. Let stand 10 minutes before baking.'),
('Banana Peanut Butter Bread', 5, 'Bake for 40-50 minutes until toothpick inserted in center comes out clean.'),
('Banana Peanut Butter Bread', 6, 'Cool completely before cutting.'),
('Beef and Broccoli Stir-Fry', 1, 'In a medium bowl, whisk together soy sauce, chicken stock, honey, vinegar, brown sugar, garlic, sesame oil, cornstarch, ginger, red pepper flakes and 1/4 cup water; set aside.'),
('Beef and Broccoli Stir-Fry', 2, 'Heat olive oil in a large skillet over medium high heat. Add steak and cook, flipping once, until browned, about 3-4 minutes.'),
('Beef and Broccoli Stir-Fry', 3, 'Stir in broccoli and soy sauce mixture until tender and slightly thickened, about 3-4 minutes.'),
('Beef and Broccoli Stir-Fry', 4, 'Serve immediately.'),
('Beef Chimichangas', 1, 'Chop pepper and onion.'),
('Beef Chimichangas', 2, 'Add garlic, onion, pepper, and beef to pan. Cook on medium heat until beef is browned.'),
('Beef Chimichangas', 3, 'Drain grease. Stir in salsa and salt. Cook for 1 minute.'),
('Beef Chimichangas', 4, 'Remove from heat. Stir in refried beans and cheese.'),
('Beef Chimichangas', 5, 'Spoon 1 quarter portion of the meat mixture in each tortilla. Fold and use toothpick to keep closed.'),
('Beef Chimichangas', 6, 'Heat about 1/2 in of oil in saucepan over high heat for 5 minutes or until a small drop of water dropped into the pan sizzles immediately.'),
('Beef Chimichangas', 7, 'Place 1 chimichanga flap side down in pan. Cook for 2 minutes on each side.'),
('Beef Chimichangas', 8, 'Remove from pan. Drain on paper towels. Repeat for each chimichanga.'),
('Beef Stroganoff', 1, 'Brown meat in butter.'),
('Beef Stroganoff', 2, 'Add mushrooms and seasonings; cook until tender.'),
('Beef Stroganoff', 3, 'Add cheese and milk; stir until melts.'),
('Beef Stroganoff', 4, 'Serve over noodles.'),
('Beef Stroganoff (Tim)', 1, 'Brown meat and drain fat.'),
('Beef Stroganoff (Tim)', 2, 'Add mushroom and tomato soup - stir until mixed well.'),
('Beef Stroganoff (Tim)', 3, 'Simer (2-4 heat), stirring occasionally.'),
('Beef Stroganoff (Tim)', 4, 'Boil water while browning meat.'),
('Beef Stroganoff (Tim)', 5, 'Add noodles to boiling water & cook until tender.'),
('Beef Stroganoff (Tim)', 6, 'Serve meat over noodles.'),
('Beer Cheese Dip', 1, 'In a medium sauce pan over medium heat melt the better. Whisk in the flour.'),
('Beer Cheese Dip', 2, 'Take the pan off of the heat and whisk in 2 tablespoons of the milk until smooth. Then whisk in 2 more tablespoons. Add 1/4 cup of the milk and whisk that until smooth followed by the final 1/4 cup of milk.'),
('Beer Cheese Dip', 3, 'Stir in the beer, dijon, garlic powder, salt and cayenne. Return the pan to medium heat and stir until thick and bubbling, about 2-3 minutes. Remove from heat.'),
('Beer Cheese Dip', 4, 'Add the cheese one big handful at a time, whisking after each addition to melt it in. Taste and add more garlic, salt and cayenne if desired. Garnish with a pinch more of cayenne.'),
('Biscuit and Gravy Casserole', 1, 'Preheat oven to 350 degrees.'),
('Biscuit and Gravy Casserole', 2, 'Add sausage to skillet over medium-high heat. Cook until sausage is browned, about 10 minutes. Set aside on a paper towel lined plate.'),
('Biscuit and Gravy Casserole', 3, 'Reserve 1 tablespoon of fat from skillet, discard rest. Melt butter in skillet. Sprinke in flour; whisk to combine.'),
('Biscuit and Gravy Casserole', 4, 'Cook until flour starts to brown, about 2 minutes. Whisk milk into mixture and cook until it thickens, 2-5 minutes. Add salt and pepper. Remove from heat and stir in sausage.'),
('Biscuit and Gravy Casserole', 5, 'Spoon gravy into a 9x9in baking dish. Top with biscuits. Bake 22-24 minutes, until biscuits are baked through.'),
('Biscuits and Chocolate Gravy', 1, 'Mix dry ingredients together in a bowl.'),
('Biscuits and Chocolate Gravy', 2, 'Heat milk in saucepan until warm.'),
('Biscuits and Chocolate Gravy', 3, 'Add dry ingredients and stir until thick.'),
('Biscuits and Chocolate Gravy', 4, 'Turn off heat and add vanilla.'),
('Biscuits and Chocolate Gravy', 5, 'Serve over biscuits.'),
('Broccoli Cheese Soup', 1, 'Chop onion. Saute celery and onion in butter.'),
('Broccoli Cheese Soup', 2, 'Steam broccoli; cool and crumble into small pieces.'),
('Broccoli Cheese Soup', 3, 'Combine soups, milk, bouillon, celery, and onion. Simmer about 1 hour; do not boil!'),
('Broccoli Cheese Soup', 4, 'Add broccoli and Velveeta last half hour.'),
('Buck-Eyes', 1, 'Line 2 baking sheets with wax paper.'),
('Buck-Eyes', 2, 'Combine butter, sugar, and peanut butter and roll into balls. Refrigerate for 45 minutes.'),
('Buck-Eyes', 3, 'Mix shortening and chocolate and melt together and stir.'),
('Buck-Eyes', 4, 'Using toothpicks, dip balls in chocolate mixture. Place on wax paper to cool. Refrigerate until consumption.'),
('Chicken Alfredo Tortellini Soup', 1, 'In large pot over medium-high heat, melt butter. Add diced onion and carrots, cook until onions are translucent. Add garlic, cook 30 seconds.'),
('Chicken Alfredo Tortellini Soup', 2, 'Add chicken, salt, and pepper. Stir and cook for 3 minutes. It is not necessary for the chicken to be cooked through yet.'),
('Chicken Alfredo Tortellini Soup', 3, 'Sprinkle flour over chicken and vegetables, stir and cook for 3 minutes.'),
('Chicken Alfredo Tortellini Soup', 4, 'Stir in chicken stock, half-and-half, and red pepper flakes. Stir and cook until thickened, 5 to 10 minutes.'),
('Chicken Alfredo Tortellini Soup', 5, 'Add tortellini and cook until soft (10+ minutes).'),
('Chicken Alfredo Tortellini Soup', 6, 'Remove pot from heat, Slowly add cheese while stirring. Pour into bowls and garnish with spinach.'),
('Chicken and Broccoli Shells and Cheese', 1, 'Cook pasta according to the directions on the box.'),
('Chicken and Broccoli Shells and Cheese', 2, 'Add broccoli florets to the pasta during the last 2 minutes of cooking. Drain and set aside.'),
('Chicken and Broccoli Shells and Cheese', 3, 'In the meantime, prepare the chicken. Heat olive oil in a large skillet over medium-high heat.'),
('Chicken and Broccoli Shells and Cheese', 4, 'Add chicken and season with salt and pepper to taste. Cook for 4 to 6 minutes, or until browned.'),
('Chicken and Broccoli Shells and Cheese', 5, 'In a mixing bowl, whisk together the milk, chicken broth, and flour.'),
('Chicken and Broccoli Shells and Cheese', 6, 'Add garlic, salt, pepper, and chili powder (to taste); whisk until well combined.'),
('Chicken and Broccoli Shells and Cheese', 7, 'Stir the milk mixture into the pan with the chicken. Cook 2 to 3 minutes or until sauce is thickened.'),
('Chicken and Broccoli Shells and Cheese', 8, 'Add pasta mixture and cheddar cheese; stir until cheese is melted and continue to cook for 2 to 3 minutes, or until heated through.'),
('Chicken and Broccoli Shells and Cheese', 9, 'Remove from heat; let stand 2 to 3 minutes. Stir and serve.'),
('Chicken Enchilada Casserole', 1, 'Preheat the oven. Fry bacon until crisp.'),
('Chicken Enchilada Casserole', 2, 'Chop onion and sautee in bacon grease.'),
('Chicken Enchilada Casserole', 3, 'Add soups, chiles, chicken, and crumbled bacon and stir.'),
('Chicken Enchilada Casserole', 4, 'In large casserole dish, alternately layer Doritos and chicken mixture, ending with mixture. Top with grated cheese.'),
('Chicken Enchilada Casserole', 5, 'Bake for 20-25 minutes at 350 degrees.'),
('Chicken Parmesan', 1, 'Preheat oven to 375 degrees. Lightly coat a baking dish with oil or cooking spray.'),
('Chicken Parmesan', 2, 'Place the flour, egg, and cornflake crumbs in separate bowls.'),
('Chicken Parmesan', 3, 'Add the water to the egg bowl and beat well.'),
('Chicken Parmesan', 4, 'If necessary, pound chicken to 1/2 inch thickness.'),
('Chicken Parmesan', 5, 'Dip chicken breasts completely in flour to coat; shake off excess. Dip both sides of chicken in egg; immediately place in cornflake crumbs, pressing slightly to make sure they stick.'),
('Chicken Parmesan', 6, 'Bake for 30 minutes or until chicken is done.'),
('Chicken Parmesan', 7, 'Place 2 tablespoons marinara on each breast and top with mozzarella and parmesan.'),
('Chicken Parmesan', 8, 'Bake for 8-10 minutes or until cheese is melted.'),
('Chicken Parmesan', 9, 'Cook pasta according to package directions and serve with the chicken.'),
('Chicken Pot Pie', 1, 'Combine first 5 ingredients. (Drain the Veg-All).'),
('Chicken Pot Pie', 2, 'Spoon into a pie crust.'),
('Chicken Pot Pie', 3, 'Cover with other pie crust. Crimp edges to seal.'),
('Chicken Pot Pie', 4, 'Put slit in top crust.'),
('Chicken Pot Pie', 5, 'Bake 375 degrees for 40 min.'),
('Chicken Pot Pie', 6, 'Cool 10 min. (Optional)'),
('Chicken Teriyaki', 1, 'For sauce, whisk together soy sauce, vinegar, oil, honey, garlic, ginger, and cornstarch.'),
('Chicken Teriyaki', 2, 'Make chicken: In a large skillet over medium heat, heat oil. Add chicken to skillet and season with salt and pepper. Cook until golden and almost cooked through, about 10 minutes.'),
('Chicken Teriyaki', 3, 'Pour sauce over chicken and simmer until sauce has thickened slightly and chicken is cooked through, 5 minutes.'),
('Chicken Teriyaki', 4, 'Serve over rice with steamed broccoli.'),
('Chicken/Turkey Pot Pie Casserole', 1, 'FILLING: Finely chop onion; chop carrot into half-moons.'),
('Chicken/Turkey Pot Pie Casserole', 2, 'Combine broth, onion, carrots, and green beans in large pot; simmer over high heat, then reduce and simmer until vegetables are barely tender. Add peas.'),
('Chicken/Turkey Pot Pie Casserole', 3, 'In separate bowl, stir water and 1/3 cup flour until smooth; add to pot and simmer until thickened.'),
('Chicken/Turkey Pot Pie Casserole', 4, 'In separate pan, cook chicken as desired. Add to pot and mix, then pour mixture into 9x13 pan. Cook at 400F for 15 minutes.'),
('Chicken/Turkey Pot Pie Casserole', 5, 'BISCUITS: In large bowl, mix 2 cups flour, salt, dill, and baking powder.'),
('Chicken/Turkey Pot Pie Casserole', 6, 'Mix in butter until crumbly, then add milk and stir until barely mixed.'),
('Chicken/Turkey Pot Pie Casserole', 7, 'Roll out dough into 1/2 inch thickness, cut roughly 12 circles with 2.5 inch diameter.'),
('Chicken/Turkey Pot Pie Casserole', 8, 'COMBINE: Stir chicken mix, place biscuits on top, bake for 20 minutes, until golden.'),
('Chili 2, Pepper Boogaloo (Instant Pot)', 1, 'Add 1 Tbsp oil to Instant Pot, brown beef on High Saute.'),
('Chili 2, Pepper Boogaloo (Instant Pot)', 2, 'Transfer beef to plate with paper towel.'),
('Chili 2, Pepper Boogaloo (Instant Pot)', 3, 'Add 1 Tbsp oil to Instant Pot, saute onions and pepper for 3 minutes.'),
('Chili 2, Pepper Boogaloo (Instant Pot)', 4, 'Add garlic, chili powder, cumin, paprika and coriander and saute about 1 minute longer.'),
('Chili 2, Pepper Boogaloo (Instant Pot)', 5, 'Pour in beef broth, tomatoes, tomatoes sauce, cocoa powder and sugar. Season with salt and pepper to taste.'),
('Chili 2, Pepper Boogaloo (Instant Pot)', 6, 'Stir in beef, then press \'\'cancel\'\' to turn pressure cooker off. Cover with lid and seal (make sure valve on lid is set to \'\'sealing\'\' position).'),
('Chili 2, Pepper Boogaloo (Instant Pot)', 7, 'Pressure Cook on High for 15 minutes. Natural release 10 minutes, then quick release.'),
('Chili 2, Pepper Boogaloo (Instant Pot)', 8, 'Drain and rinse beans, then add to chili.'),
('Chocolate Pie with Whipped Cream', 1, 'In a small pot on low heat, mix/melt 1/3 cup cream and 3/4 cup chocolate chips.'),
('Chocolate Pie with Whipped Cream', 2, 'Pour chocolate mix into crust and freeze for 20 minutes.'),
('Chocolate Pie with Whipped Cream', 3, 'In the same pot, mix/melt 1/2 cup cream and 3/4 cup chocolate. Cool to room temperature.'),
('Chocolate Pie with Whipped Cream', 4, 'In a separate bowl, beat 1 cup cream and vanilla until soft peaks form.'),
('Chocolate Pie with Whipped Cream', 5, 'Add cooled chocolate mix and beat.'),
('Chocolate Pie with Whipped Cream', 6, 'Pour mix into pie crust and freeze for 20 minutes.'),
('Chocolate Pie with Whipped Cream', 7, 'Mix 1 cup cream and powdered sugar; beat until whipped cream is the consistency of whipped cream.'),
('Chocolate Pie with Whipped Cream', 8, 'Add whipped cream and chocolate shavings to pie. Refrigerate for 1 hour before serving.'),
('Chocolate-Stuffed French Toast', 1, 'Coat a 9x13 baking dish with nonstick cooking spray.'),
('Chocolate-Stuffed French Toast', 2, 'Slice the bread into 1.5 inch thick slices. Using a small sharp knife, cut a 2 inch slit horizontally in one side of each bread slice, cutting 3/4 of the way through, creating a pocket in each.'),
('Chocolate-Stuffed French Toast', 3, 'Spoon 2 heaping teaspoons chocolate chips into each bread slice; press to close. Place filled slices in the baking dish.'),
('Chocolate-Stuffed French Toast', 4, 'In a medium bowl, whisk together the eggs, milk, cinnamon, and vanilla. Pour mixture evenly over the bread, turning the pieces over to coat completely.'),
('Chocolate-Stuffed French Toast', 5, 'Cover and refrigerate for several hours or overnight.'),
('Chocolate-Stuffed French Toast', 6, 'Preheat the oven to 400 degrees. Bake the stuffed bread, uncovered, for 20-25 minutes, or until golden brown.'),
('Chocolate-Stuffed French Toast', 7, 'Serve topped with maple syrup and a sprinkle of powdered sugar.'),
('Corn Delight', 1, 'Butter casserole dish.'),
('Corn Delight', 2, 'Drain corn. Do not drain creamed corn...'),
('Corn Delight', 3, 'Break spaghetti into quarters.'),
('Corn Delight', 4, 'Combine all ingredients in casserole dish.'),
('Corn Delight', 5, 'Bake 1/2 hour covered, then 1/2 hour uncovered.'),
('Creamed Corn', 1, 'Cut cream cheese into pieces.'),
('Creamed Corn', 2, 'Combine all ingredients into crockpot except pepper. Stir together as well a you can.'),
('Creamed Corn', 3, 'Cover and cook on low for 3-4 hours (4 hours for best results). You can let it cook longer; however, if you do you will probably need to add milk occasionally to prevent it from becoming too thick.'),
('Creamed Corn', 4, 'Add pepper to taste.'),
('Crock-Pot Lasagna', 1, 'Brown sausage.'),
('Crock-Pot Lasagna', 2, 'In medium bowl, combine ricotta, Parmesan, 1 c. of mozzarella and ¼ tsp. each salt and pepper; fold in spinach.'),
('Crock-Pot Lasagna', 3, 'In crockpot, combine sausage, garlic, oregano, ½ tsp. salt and ¼ tsp. pepper. Put half meat mixture in small bowl. Add ½ c. marinara sauce to crockpot and mix into meat; spread evenly on bottom.'),
('Crock-Pot Lasagna', 4, 'Top with layer of noodles, breaking to fit. Spread 1/3 of remaining sauce (3/4 c.) over noodles and dollop with 1/3 of ricotta mixture (1 c.) and half remaining meat; repeat.'),
('Crock-Pot Lasagna', 5, 'Top with layer of noodles, remaining sauce and remaining ricotta mixture. Sprinkle with remaining mozzarella and cook, covered on low for 4 hours or high for 2 hours.'),
('Crockpot BBQ Chicken', 1, 'Season chicken breast lightly (a small pinch per breast)  with some sea salt and place in your crockpot.'),
('Crockpot BBQ Chicken', 2, 'In a mixing bowl combine BBQ sauce, Italian dressing, brown sugar and Worcestershire sauce. Stir until well combined.'),
('Crockpot BBQ Chicken', 3, 'Pour over chicken, cover and cook on HIGH for 3-4 hours.'),
('Crockpot BBQ Chicken', 4, 'Once time is up, you can serve the breast whole, or shred with 2 forks. If shredding, recover and let cook in sauce for about 10-15 more minutes to soak up all that delish flavor.'),
('Crockpot BBQ Chicken', 5, 'Serve on buns, over rice, in wraps, on a salad or eat a plateful as is!  Our favorite way is on fresh rolls, topped with coleslaw.'),
('Croquettes', 1, 'Make 2 pounds of Instant Pot Mashed Potatoes, quick release (pending testing), let dry. Mashing does not need to be perfect.'),
('Croquettes', 2, 'Finely chop onion and carrot.'),
('Croquettes', 3, 'Heat 2 Tablespoons oil in skillet. Saute onion until soft.'),
('Croquettes', 4, 'Add carrots, cook until soft.'),
('Croquettes', 5, 'Add meat, cook until brown. Add white pepper powder, salt, and pinch of pepper.'),
('Croquettes', 6, 'In large pot or bowl, mix mashed potatoes, meat, and 1 egg until well combined; let cool until can be handled.'),
('Croquettes', 7, 'Make balls as big as your heart desires.'),
('Croquettes', 8, 'Cover each ball in flour, then egg, then panko.'),
('Croquettes', 9, 'In about .5 inches of oil, deep fry balls until they are that sweet, sweet golden brown.'),
('Curry (Instant Pot)', 1, 'Cut onions into 10 wedges/onion. Peel carrot, cut into bite size pieces using Rangiri technique. Peel and cut potatoes into quarters (eighths if larger potatoes).'),
('Curry (Instant Pot)', 2, 'Cut meat into bite sized pieces.'),
('Curry (Instant Pot)', 3, 'Set Instant Pot to Saute Normal, add oil. When hot, add onion, garlic, and ginger.'),
('Curry (Instant Pot)', 4, 'Add chicken, coat with oil. Add potatoes and carrots. Mix well.'),
('Curry (Instant Pot)', 5, 'Add broth, then add roux on top. Do not mix in roux. Make sure the other ingredients are relatively under the broth.'),
('Curry (Instant Pot)', 6, 'Seal instant pot, set to Meat/Stew Normal for 15 minutes. Quick release.'),
('Curry (Instant Pot)', 7, 'Add ketchup and soy sauce.'),
('Curry (Instant Pot)', 8, 'Mix well, serve with rice.'),
('Famous Hotel Chocolate Chip Cookies', 1, 'Preheat oven to 350 degrees F. In a food processor or blender, pulse oats until fine.'),
('Famous Hotel Chocolate Chip Cookies', 2, 'In a large bowl, combine oats with flour, baking soda, salt, and cinnamon.'),
('Famous Hotel Chocolate Chip Cookies', 3, 'In another large bowl, with an electric mixer, cream together butter, sugars, and vanilla. Add eggs and mix until smooth. Stir in oats mixture; mix well. Stir chocolate chips and nuts into dough; mix well.'),
('Famous Hotel Chocolate Chip Cookies', 4, 'Spoon rounded 1/4 cup portions onto ungreased baking sheets, about 2 inches apart.'),
('Famous Hotel Chocolate Chip Cookies', 5, 'Bake 13 to 15 minutes, or until cookies are light brown and soft in the middle. When cool, store in a sealed container to keep soft.'),
('Gooey Butter Cake', 1, 'Mix 1 stick butter, cake mix, and 1 egg together and press into a greased 9x13 baking pan.'),
('Gooey Butter Cake', 2, 'Beat 1 stick butter, cream cheese, 2 eggs, vanilla, and sugar together until smooth. Add almost 1 bag of Heath to this mixture after it is mixed.'),
('Gooey Butter Cake', 3, 'Pour into pan (on top of first mixture) and bake at 350 degrees for 30 minutes.'),
('Gooey Butter Cake', 4, 'Sprinkle remaining Heath bits on the top of baked cake.'),
('Green Bean Casserole', 1, 'Combine green beans, soup, and chestnuts in casserole dish.'),
('Green Bean Casserole', 2, 'Spread french fried onions over top.'),
('Green Bean Casserole', 3, 'Bake for 30 minutes at 350 degrees, uncovered.'),
('Honey Garlic Chicken Stir Fry', 1, 'Heat 1 teaspoon of oil in large pan over medium heat. Add Broccoli and carrots, cook until tender (4 minutes).'),
('Honey Garlic Chicken Stir Fry', 2, 'Remove vegetables from pan, cover on plate. Wipe pan with paper towel.'),
('Honey Garlic Chicken Stir Fry', 3, 'Add 1 tablespoon oil to pan on high heat. Season chicken with salt and pepper and add to pan in single-layer batches. Cook for 3-4 minutes each side until cooked through.'),
('Honey Garlic Chicken Stir Fry', 4, 'Add garlic to pan, cook 30 seconds.'),
('Honey Garlic Chicken Stir Fry', 5, 'Add vegetables to pan and cook 2 minutes.'),
('Honey Garlic Chicken Stir Fry', 6, 'In bowl, whisk together broth, honey, and soy sauce.'),
('Honey Garlic Chicken Stir Fry', 7, 'Separately, mix cornstarch with a tablespoon of cold water.'),
('Honey Garlic Chicken Stir Fry', 8, 'Pout sauce mixture over chicken and vegetables, cook 30 seconds.'),
('Honey Garlic Chicken Stir Fry', 9, 'Add cornstarch and bring to boil, cook until thickened (1 minute).'),
('Ice Cream Delight', 1, 'Crush 2 cups Oreos and combine with 1/2 cup melted butter and sugar.'),
('Ice Cream Delight', 2, 'Press onto bottom of ungreased 13x9 baking pan. Freeze for 15 minutes.'),
('Ice Cream Delight', 3, 'Spread ice cream over crust. Freeze until firm.'),
('Ice Cream Delight', 4, 'Meanwhile, combine powdered sugar, chocolate chips, evaporated milk, and 1/2 cup butter in a saucepan. Boil for 8 minutes.'),
('Ice Cream Delight', 5, 'Remove from heat and stir in vanilla.'),
('Ice Cream Delight', 6, 'Cool to room temperature. Spoon chocolate sauce over ice cream. Sprinkle with peanuts (optional). Freeze until firm.'),
('Ice Cream Delight', 7, 'Spread cool whip over dish and sprinkle with cookie crumbs. Freeze for 3 hours before serving.'),
('Kentucky Bourbon Pie', 1, 'Preheat oven to 350 degrees.'),
('Kentucky Bourbon Pie', 2, 'Mix butter, sugar, corn syrup, salt, vanilla, eggs, and bourbon until well blended.'),
('Kentucky Bourbon Pie', 3, 'Spread chopped pecans and chocolate chips into pie shell. Pour bourbon mixture into pie shell.'),
('Kentucky Bourbon Pie', 4, 'Bake at 350 degrees approximately 1 hour 15 minutes or until inserted knife comes out clean.'),
('Kentucky Bourbon Pie', 5, 'Cool thoroughly before cutting.'),
('Kyle\'s Chocolate Chip Brownie Cake', 1, 'Dice the crescent rolls into small squares. Lay in bottom of greased baking pan.'),
('Kyle\'s Chocolate Chip Brownie Cake', 2, 'Sprinkle on a lot of chocolate chips.'),
('Kyle\'s Chocolate Chip Brownie Cake', 3, 'Mix cream cheese sugar, egg, vanilla, milk in separate bowl'),
('Kyle\'s Chocolate Chip Brownie Cake', 4, 'Pour into pan. Spread evenly.'),
('Kyle\'s Chocolate Chip Brownie Cake', 5, 'Bake 350F for 45 min'),
('Kyle\'s Chocolate Chip Brownie Cake', 6, 'Serve with ice cream and chocolate sauce.'),
('Layered Ground Beef Casserole', 1, 'In 2 quart casserole dish, layer half the onion, celery, and green pepper.'),
('Layered Ground Beef Casserole', 2, 'Top with beef; season with salt and pepper.'),
('Layered Ground Beef Casserole', 3, 'Pour on tomato sauce. Top with remaining onion, celery, and green pepper; season with salt and pepper.'),
('Layered Ground Beef Casserole', 4, 'Thinly slice potatoes and arrange on top; spread with soup.'),
('Layered Ground Beef Casserole', 5, 'Bake uncovered at 350 degrees 1.5-2 hours or until potatoes are tender and top is lightly browned.'),
('Mac and Cheese (Instant Pot)', 1, 'Add uncooked macaroni, chicken stock, butter, garlic powder, pepper, and salt to the Instant Pot.'),
('Mac and Cheese (Instant Pot)', 2, 'Pressure cook on high for 5 minutes; quick release.'),
('Mac and Cheese (Instant Pot)', 3, 'Add the milk, then cheese in small handfuls while stirring.'),
('Mareinge Cookies', 1, 'Preheat oven to 300 degrees. Place parchment on cookie sheets.'),
('Mareinge Cookies', 2, 'Beat egg whites, salt, cream of tartar, and vanilla together until soft peaks form.'),
('Mareinge Cookies', 3, 'Add sugar slowly and beat until stiff. Fold chocolate chips into mixture.'),
('Mareinge Cookies', 4, 'Dollop onto cookie sheets.'),
('Mareinge Cookies', 5, 'Bake for 25 minutes. Store in a sealed container.'),
('Mashed Potatoes (Instant Pot)', 1, 'Set rack in bottom of instant pot; add 3 cups water. Peel potatoes.'),
('Mashed Potatoes (Instant Pot)', 2, 'Stack potatoes on rack, pressure cook on high for 15 minutes. Let steam release naturally for 20 minutes; quick release.'),
('Mashed Potatoes (Instant Pot)', 3, 'In large bowl, add all ingredients and mash.'),
('Meatballs (IKEA)', 1, 'Preheat oven to 375F. Crumble bread. Dice the onions finely. Beat the egg.'),
('Meatballs (IKEA)', 2, 'Stir milk and bread in large mixing bowl. While letting it sit, melt 2 tablespoons butter. In same pan, saute onion and garlic for 3 minutes. Combine mixtures and let cool.'),
('Meatballs (IKEA)', 3, 'Add pork, egg, salt, pepper, allspice, and nutmeg to bowl, mix thoroughly.'),
('Meatballs (IKEA)', 4, 'Make 2-teaspoon sized meatballs and place on parchment-lined baking sheet. Cook 10-12 minutes.'),
('Meatballs (IKEA)', 5, 'Melt 1 tablespoon of butter in new pan and whisk in flour for 1 minute. Whisk warm beef broth into the mixture until no lumps remain. Season if desired. Remove from heat and stir in cream.'),
('Meatballs (IKEA)', 6, 'Combine meatballs with gravy; serve with Instant Pot Mashed Potatoes'),
('Meatloaf (Tasty)', 1, 'Combine ingredients. Make loaf.'),
('Meatloaf (Tasty)', 2, 'Bake 1 hr @375F'),
('Peanut Chicken Stir-Fry', 1, 'In small bowl, combine ½ cup water, peanut butter, soy sauce, and brown sugar until smooth; set aside.'),
('Peanut Chicken Stir-Fry', 2, 'Combine cornstarch and 1 tablespoon water until smooth; set aside.'),
('Peanut Chicken Stir-Fry', 3, 'In a skillet or wok, stir-fry garlic in oil for 30 seconds. Add chicken; stir-fry 5 minutes until no longer pink.'),
('Peanut Chicken Stir-Fry', 4, 'Add broccoli and stir-fry 5 minutes. Stir in peanut butter mixture; cook and stir for 2-3 minutes or until sauce is smooth and broccoli is crisp-tender.'),
('Peanut Chicken Stir-Fry', 5, 'Stir cornstarch mixture and gradually add to skillet. Bring to boil; cook and stir for 2 minutes or until thickened. Serve with rice/pasta.'),
('Pulled Pork (Instant Pot)', 1, 'Cut most of the fat off of the pork, then separate into 6 pieces.'),
('Pulled Pork (Instant Pot)', 2, 'Combine paprika, mustard powder, cumin, 1 tablespoon brown sugar, salt, and pepper into a small bowl.'),
('Pulled Pork (Instant Pot)', 3, 'Rub spice mixture all over pork.'),
('Pulled Pork (Instant Pot)', 4, 'Turn instant pot to High Saute, add oil and cook pork until browned on all sides. Remove to plate.'),
('Pulled Pork (Instant Pot)', 5, 'Add 3/4 cups water to the instant pot and whisk.'),
('Pulled Pork (Instant Pot)', 6, 'Add 2 cups water, vinegar, tomato paste, and 2 tablespoons brown sugar and whisk.'),
('Pulled Pork (Instant Pot)', 7, 'Add pork to instant pot; pressure cook on high for 1 hour; quick release.'),
('Pulled Pork (Instant Pot)', 8, 'Move pork to large bowl.'),
('Pulled Pork (Instant Pot)', 9, 'Set instant pot to Normal Saute and simmer juices until reduced by half (15 minutes).'),
('Pulled Pork (Instant Pot)', 10, 'Shred pork with 2 forks.'),
('Pulled Pork (Instant Pot)', 11, 'Add 3 cups of instant pot juices to the pork and mix.'),
('Pulled Pork (Instant Pot)', 12, 'Either mix barbecue sauce into pork, or serve with separate barbecue sauce.'),
('Rice', 1, 'In a medium saucepan over medium heat, bring water to a boil. Add rice, butter, and a large pinch of salt.'),
('Rice', 2, 'Bring pan back to a simmer then lower heat and cook, covered, 18 minutes, or until rice is tender and water is absorbed.'),
('Rice', 3, 'Remove from heat and let sit, covered, 5 minutes, then fluff with a fork and serve.'),
('Scrambled Egg and Asparagus Toast', 1, 'Place one rack in the center of your oven and the other towards the top (I did the second from the topmost). Preheat the oven to 400 degrees F. Lay the asparagus in the center of a baking sheet, drizzle with the olive oil, and sprinkle with 1/4 teaspoon salt and 1/4 teaspoon pepper. Toss to coat, then spread the spears into a single layer. Roast for 15 to 20 minutes on the center rack, until the asparagus is crisp-tender. Remove the baking sheet from the oven, then turn the oven to broil.'),
('Scrambled Egg and Asparagus Toast', 2, 'Arrange the bread slices on a second baking sheet. Broil on the upper rack for 30 seconds to a few minutes, until golden (watch carefully so the bread doesn\'t burn—the time can vary greatly by broiler. Don\'t walk away!), then flip the slices and toast the other side. Remove from the oven and set aside.'),
('Scrambled Egg and Asparagus Toast', 3, 'Meanwhile, in a medium mixing bowl, beat the eggs, milk, and remaining 1/4 teaspoon salt and 1/4 teaspoon pepper in a figure 8 pattern until completely blended. In a medium nonstick pan, melt the butter over medium-low. Once the butter has melted, reduce the heat to low and add the beaten eggs. Let cook, stirring very gently with a silicone spatula.'),
('Scrambled Egg and Asparagus Toast', 4, 'Continuing cooking, stirring the eggs gently and often to keep them moving, until they are cooked but still soft, about 10 to 12 minutes. Stir in the Parmesan and chives. Taste and add additional salt and/or pepper as desired. To serve, top each slice of toast with a big scoop of scrambled eggs and a handful of asparagus spears. Sprinkle with additional Parmesan and/or chives as desired. Enjoy immediately.'),
('Sloppy Joes', 1, 'In skillet, brown meat with pepper and onion; pour off fat.'),
('Sloppy Joes', 2, 'Add remaining ingredients except buns; bring to a boil.'),
('Sloppy Joes', 3, 'Reduce heat; cover and simmer 15-20 minutes.'),
('Sloppy Joes', 4, 'Serve on toasted buns. Refrigerate leftovers.'),
('Strawberry Shortcake', 1, 'Preheat oven to 350F.'),
('Strawberry Shortcake', 2, 'Melt the butter, then add to the milk and whisk. Keep at 100F.'),
('Strawberry Shortcake', 3, 'In separate bowl, whisk eggs, then add sugar. Heat the mixture to 100F, then whisk on high speed.'),
('Strawberry Shortcake', 4, 'Slowly mix in flour.'),
('Strawberry Shortcake', 5, 'Mix a little of the egg/flour mixture into the butter, then mix both back into the egg/flour mixture.'),
('Strawberry Shortcake', 6, 'Pour the batter into the cake pan.'),
('Strawberry Shortcake', 7, 'Bake for 25 minutes and let cool.'),
('Strawberry Shortcake', 8, 'Cut the cake in half.'),
('Strawberry Shortcake', 9, 'Slice the strawberries into thin slices.'),
('Strawberry Shortcake', 10, 'Combine 1 ounce of sugar with water, and microwave for 1 minute.'),
('Strawberry Shortcake', 11, 'Spread the syrup over one half of the cake, then spread the cream over the cake.'),
('Strawberry Shortcake', 12, 'Place a layer of strawberry slices on the cream, then another layer of cream.'),
('Strawberry Shortcake', 13, 'Place the other layer of cake on top, then apply more syrup and cream to the top and sides.'),
('Strawberry Shortcake', 14, 'Decorate the top with the remaining cream and strawberries. Chill and enjoy!'),
('Tater Tot Casserole', 1, 'Preheat oven to 350 degrees.'),
('Tater Tot Casserole', 2, 'Brown hamburger and onion. Drain grease. Season to taste.'),
('Tater Tot Casserole', 3, 'Place in 9x13in pan. Mix with mushroom soup.'),
('Tater Tot Casserole', 4, 'Add cheese. (slices, shredded, velveeta etc.)'),
('Tater Tot Casserole', 5, 'Once oven is preheated, place an even layer of tater tots over all.'),
('Tater Tot Casserole', 6, 'Bake for 1 hour, uncovered.'),
('Tortellini Carbonara', 1, 'Cook bacon over med heat until crisp. Drain and discard grease.'),
('Tortellini Carbonara', 2, 'Return bacon to pan; add cream, parsley, and cheese.'),
('Tortellini Carbonara', 3, 'Cook uncovered over med heat until heated through.'),
('Tortellini Carbonara', 4, 'Meanwhile, prepare tortellini according to package directions. Drain and toss with sauce.'),
('Tortellini Soup', 1, 'Cook sausage, vegetables, and spices until brown. Drain.'),
('Tortellini Soup', 2, 'In large pot, add meat & stuff, broth, water, and tomato sauce, simmer 1 hour.'),
('Tortellini Soup', 3, 'Bring to boil, add tortellini, simmer for long enough to cook tortellini.'),
('Udon (Beef)', 1, 'In pan, add dashi and 2 tsp sugar. Add mirin and soy 2 Tbsp soy suce, bring to boil.'),
('Udon (Beef)', 2, 'Thinly slice onion.'),
('Udon (Beef)', 3, 'Add 2 Tbsp vegetable oil and onion to large frying pan. Add and cook beef.'),
('Udon (Beef)', 4, 'Add sugar and soy sauce to beef, heat until slightly thickened.'),
('Udon (Beef)', 5, 'Boil water, cook udon brick for 1 minute each, transfer to bowl.'),
('Udon (Beef)', 6, 'Pour broth over noodle, top with beef / onion. Sprinkle 7 spice as desired.'),
('Walnut Ham Linguine', 1, 'Cook linguine according to package direction.'),
('Walnut Ham Linguine', 2, 'Cut ham into 1/2 inch strips or cubes.'),
('Walnut Ham Linguine', 3, 'Meanwhile, sauté garlic in oil for 1 minute. Add walnuts and sauté 2 minutes. Stir in ham and cook 2 minutes or until heated through.'),
('Walnut Ham Linguine', 4, 'Drain pasta and add to mixture; toss to coat. Sprinkle with parmesan.'),
('White Chicken Chili', 1, 'Heat oil in medium pan over medium heat. Add onions and sautee until translucent, about 10 minutes.'),
('White Chicken Chili', 2, 'Stir in garlic, chiles, cumin, oregano, and pepper. Sautee 2 minutes.'),
('White Chicken Chili', 3, 'Add undrained beans and chicken broth. Bring to a boil.'),
('White Chicken Chili', 4, 'Reduce heat; add chicken and cheese until cheese melts.'),
('White Chicken Chili', 5, 'Heat thoroughly. Serve with sour cream (optional).'),
('White Sauce Pasta /w/ shrimp', 1, 'Chop onion, saute with garlic in butter in large pot. (Maybe add shrimp here and cook)?'),
('White Sauce Pasta /w/ shrimp', 2, 'Stir in chicken broth, salt, pepper, and oregano. Cook medium high until reduced by half (10 min).'),
('White Sauce Pasta /w/ shrimp', 3, 'Stir in heavy cream and parmesan. Boil until thickened (5-10 min). Meanwhile, cook pasta as instructed.'),
('White Sauce Pasta /w/ shrimp', 4, 'Mix with pasta and serve.');

-- --------------------------------------------------------

--
-- Table structure for table `recipe`
--

CREATE TABLE IF NOT EXISTS `recipe` (
  `Name` varchar(100) NOT NULL,
  `Course` varchar(25) DEFAULT NULL,
  `Instrument` varchar(25) DEFAULT NULL,
  `Prep_time` int(10) UNSIGNED DEFAULT NULL,
  `Cook_time` int(10) UNSIGNED DEFAULT NULL,
  `Score` tinyint(3) UNSIGNED DEFAULT NULL,
  PRIMARY KEY (`Name`)
) ENGINE=InnoDB DEFAULT CHARSET=utf8;

--
-- RELATIONSHIPS FOR TABLE `recipe`:
--

--
-- Dumping data for table `recipe`
--

INSERT INTO `recipe` (`Name`, `Course`, `Instrument`, `Prep_time`, `Cook_time`, `Score`) VALUES
('Bacon Wrapped Chicken', 'Entree', 'Oven', 20, 45, NULL),
('Banana Peanut Butter Bread', 'Breakfast', 'Oven', 25, 50, NULL),
('Beef and Broccoli Stir-Fry', 'Entree', 'Stovetop', 5, 8, NULL),
('Beef Chimichangas', 'Entree', 'Stovetop', 10, 40, NULL),
('Beef Stroganoff', 'Entree', 'Stovetop', 20, 20, NULL),
('Beef Stroganoff (Tim)', 'Entree', 'Stovetop', 5, 20, NULL),
('Beer Cheese Dip', 'Appetizer', 'Stovetop', 0, 15, 10),
('Biscuit and Gravy Casserole', 'Breakfast', 'Oven', 20, 24, NULL),
('Biscuits and Chocolate Gravy', 'Breakfast', 'Stovetop', 5, 10, NULL),
('Broccoli Cheese Soup', 'Appetizer', 'Stovetop', 15, 60, NULL),
('Buck-Eyes', 'Dessert', 'Refrigerator', 30, 45, NULL),
('Chicken Alfredo Tortellini Soup', 'Entree', 'Stovetop', 20, 30, NULL),
('Chicken and Broccoli Shells and Cheese', 'Entree', 'Stovetop', 10, 20, NULL),
('Chicken Enchilada Casserole', 'Entree', 'Oven', 30, 25, NULL),
('Chicken Parmesan', 'Entree', 'Oven', 20, 40, NULL),
('Chicken Pot Pie', 'Entree', 'Oven', 20, 40, NULL),
('Chicken Teriyaki', 'Entree', 'Stovetop', 15, 20, NULL),
('Chicken/Turkey Pot Pie Casserole', 'Entree', 'Oven', 30, 60, NULL),
('Chili 2, Pepper Boogaloo (Instant Pot)', 'Entree', 'Instant Pot', 10, 45, NULL),
('Chocolate Pie with Whipped Cream', 'Dessert', 'Freezer', 45, 0, NULL),
('Chocolate-Stuffed French Toast', 'Breakfast', 'Oven', 30, 20, NULL),
('Corn Delight', 'Entree', 'Oven', 5, 60, NULL),
('Creamed Corn', 'Side', 'Crockpot', 5, 240, NULL),
('Crock-Pot Lasagna', 'Entree', 'Crock-Pot', 20, 240, NULL),
('Crockpot BBQ Chicken', 'Entree', 'Crock-Pot', 15, 240, NULL),
('Croquettes', 'Entree', 'Stovetop', 15, 105, NULL),
('Curry (Instant Pot)', 'Entree', 'Instant Pot', 20, 20, NULL),
('Famous Hotel Chocolate Chip Cookies', 'Dessert', 'Oven', 45, 15, NULL),
('Gooey Butter Cake', 'Dessert', 'Oven', 30, 30, NULL),
('Green Bean Casserole', 'Entree', 'Oven', 5, 30, NULL),
('Honey Garlic Chicken Stir Fry', 'Entree', 'Stovetop', 10, 20, NULL),
('Ice Cream Delight', 'Dessert', 'Freezer', 230, 0, NULL),
('Kentucky Bourbon Pie', 'Dessert', 'Oven', 15, 75, NULL),
('Kyle\'s Chocolate Chip Brownie Cake', 'Dessert', 'Oven', 15, 45, 8),
('Layered Ground Beef Casserole', 'Entree', 'Oven', 20, 120, NULL),
('Mac and Cheese (Instant Pot)', 'Entree', 'Instant Pot', 5, 5, NULL),
('Mareinge Cookies', 'Dessert', 'Oven', 30, 25, NULL),
('Mashed Potatoes (Instant Pot)', 'Entree', 'Instant Pot', 10, 60, NULL),
('Meatballs (IKEA)', 'Entree', 'Oven', 30, 20, NULL),
('Meatloaf (Tasty)', 'Entree', 'Oven', 10, 60, NULL),
('Peanut Chicken Stir-Fry', 'Entree', 'Stovetop', 5, 15, NULL),
('Pulled Pork (Instant Pot)', 'Entree', 'Instant Pot', 45, 60, NULL),
('Rice', 'Side', 'Stovetop', 10, 20, NULL),
('Scrambled Egg and Asparagus Toast', 'Breakfast', 'Oven', 5, 15, NULL),
('Sloppy Joes', 'Entree', 'Stovetop', 10, 15, NULL),
('Strawberry Shortcake', 'Dessert', 'Oven', 120, 25, 7),
('Tater Tot Casserole', 'Entree', 'Oven', 20, 60, NULL),
('Tortellini Carbonara', 'Entree', 'Stovetop', 0, 15, NULL),
('Tortellini Soup', 'Entree', 'Stovetop', 15, 75, NULL),
('Udon (Beef)', 'Entree', 'Stovetop', 10, 15, NULL),
('Walnut Ham Linguine', 'Entree', 'Stovetop', 5, 10, NULL),
('White Chicken Chili', 'Entree', 'Stovetop', 20, 60, NULL),
('White Sauce Pasta /w/ shrimp', 'Entree', 'Stovetop', 15, 20, NULL);
COMMIT;

/*!40101 SET CHARACTER_SET_CLIENT=@OLD_CHARACTER_SET_CLIENT */;
/*!40101 SET CHARACTER_SET_RESULTS=@OLD_CHARACTER_SET_RESULTS */;
/*!40101 SET COLLATION_CONNECTION=@OLD_COLLATION_CONNECTION */;
